RxCUI,Drug_Class
103945,ACE
104375,ACE
104376,ACE
104377,ACE
104378,ACE
104382,ACE
104384,ACE
104385,ACE
104388,ACE
104389,ACE
106680,ACE
106681,ACE
106682,ACE
153275,ACE
153276,ACE
153277,ACE
153311,ACE
153312,ACE
153313,ACE
153460,ACE
153461,ACE
153462,ACE
197884,ACE
198188,ACE
198189,ACE
199351,ACE
199352,ACE
199353,ACE
199622,ACE
199707,ACE
199708,ACE
199709,ACE
199816,ACE
199817,ACE
199931,ACE
199937,ACE
201369,ACE
201370,ACE
201371,ACE
201372,ACE
201373,ACE
201374,ACE
201377,ACE
201378,ACE
201379,ACE
201380,ACE
201381,ACE
201382,ACE
204404,ACE
205326,ACE
206763,ACE
206764,ACE
206765,ACE
206766,ACE
206770,ACE
206771,ACE
207891,ACE
207892,ACE
207893,ACE
207895,ACE
210671,ACE
210672,ACE
210673,ACE
210994,ACE
213482,ACE
226700,ACE
226701,ACE
226702,ACE
226706,ACE
226707,ACE
226708,ACE
246264,ACE
246643,ACE
247516,ACE
250413,ACE
251856,ACE
251857,ACE
252820,ACE
260333,ACE
261962,ACE
284213,ACE
308962,ACE
308963,ACE
308964,ACE
311353,ACE
311354,ACE
312748,ACE
312749,ACE
312750,ACE
314076,ACE
314077,ACE
314203,ACE
317173,ACE
371001,ACE
371254,ACE
371506,ACE
372007,ACE
372274,ACE
372614,ACE
373293,ACE
373731,ACE
373748,ACE
373749,ACE
374176,ACE
374177,ACE
374378,ACE
374938,ACE
378269,ACE
378288,ACE
389182,ACE
389183,ACE
389184,ACE
393442,ACE
401965,ACE
401968,ACE
411434,ACE
413771,ACE
428809,ACE
428810,ACE
428811,ACE
428825,ACE
428826,ACE
451330,ACE
452698,ACE
541022,ACE
582032,ACE
582033,ACE
700490,ACE
730511,ACE
730512,ACE
730513,ACE
730514,ACE
844933,ACE
845488,ACE
845489,ACE
854925,ACE
854927,ACE
854984,ACE
854986,ACE
854988,ACE
854990,ACE
857169,ACE
857171,ACE
857183,ACE
857185,ACE
857187,ACE
857189,ACE
857195,ACE
858804,ACE
858806,ACE
858810,ACE
858812,ACE
858813,ACE
858815,ACE
858817,ACE
858819,ACE
858821,ACE
858823,ACE
858845,ACE
858926,ACE
898687,ACE
898689,ACE
898690,ACE
898692,ACE
898719,ACE
898721,ACE
898723,ACE
898725,ACE
3829,ACE
29046,ACE
35296,ACE
1299896,ACE
1299897,ACE
1299963,ACE
1299965,ACE
1435624,ACE
1435630,ACE
1729200,ACE
1729205,ACE
1806884,ACE
429765,ACE_loop
451173,ACE_loop
104227,aldo
104228,aldo
104229,aldo
104230,aldo
104231,aldo
104232,aldo
104233,aldo
104234,aldo
198222,aldo
198223,aldo
200815,aldo
200816,aldo
200817,aldo
200818,aldo
200819,aldo
200820,aldo
200821,aldo
200822,aldo
200823,aldo
200824,aldo
200825,aldo
200826,aldo
200827,aldo
201282,aldo
207867,aldo
313096,aldo
351256,aldo
351257,aldo
351258,aldo
373945,aldo
373946,aldo
378726,aldo
379251,aldo
402105,aldo
402106,aldo
402107,aldo
411223,aldo
411224,aldo
429194,aldo
9997,aldo
198224,aldo_diuretic
198225,aldo_diuretic
208112,aldo_diuretic
208113,aldo_diuretic
208116,aldo_diuretic
249762,aldo_diuretic
250376,aldo_diuretic
250377,aldo_diuretic
250704,aldo_diuretic
370639,aldo_diuretic
373947,aldo_diuretic
373948,aldo_diuretic
411480,aldo_diuretic
427928,aldo_diuretic
429195,aldo_diuretic
432662,aldo_diuretic
432663,aldo_diuretic
451922,aldo_diuretic
451927,aldo_diuretic
246399,aldo_loop
251564,aldo_loop
373944,aldo_loop
432646,aldo_loop
432647,aldo_loop
451932,aldo_loop
104359,alpha
104360,alpha
104361,alpha
104363,alpha
104364,alpha
104366,alpha
141893,alpha
141894,alpha
141895,alpha
141896,alpha
141897,alpha
150752,alpha
152660,alpha
152661,alpha
152662,alpha
152663,alpha
198141,alpha
199791,alpha
199796,alpha
199797,alpha
199798,alpha
199799,alpha
208467,alpha
208469,alpha
208470,alpha
208471,alpha
208979,alpha
208980,alpha
208981,alpha
249389,alpha
249390,alpha
249747,alpha
249748,alpha
250478,alpha
252198,alpha
260376,alpha
312593,alpha
312594,alpha
313214,alpha
313215,alpha
313216,alpha
313217,alpha
313218,alpha
313219,alpha
313220,alpha
372478,alpha
373346,alpha
373352,alpha
373565,alpha
373566,alpha
373567,alpha
374033,alpha
374034,alpha
385519,alpha
410176,alpha
411771,alpha
411772,alpha
430622,alpha
431751,alpha
431752,alpha
450643,alpha
451067,alpha
539839,alpha
583146,alpha
583150,alpha
861402,alpha
861404,alpha
1361019,alpha
1361021,alpha
1361023,alpha
1361025,alpha
104367,alpha
104368,alpha
104369,alpha
197625,alpha
197626,alpha
197627,alpha
197628,alpha
203210,alpha
205544,alpha
227240,alpha
235224,alpha
636360,alpha
636361,alpha
1242404,alpha
1242408,alpha
153077,ARB
153078,ARB
153079,ARB
153080,ARB
153665,ARB
153666,ARB
153667,ARB
153822,ARB
153823,ARB
153825,ARB
199850,ARB
199919,ARB
200094,ARB
200095,ARB
200096,ARB
205304,ARB
205305,ARB
213431,ARB
213432,ARB
252576,ARB
261300,ARB
261301,ARB
282755,ARB
284531,ARB
310139,ARB
310140,ARB
349199,ARB
349200,ARB
349201,ARB
349373,ARB
349401,ARB
349405,ARB
349483,ARB
351761,ARB
351762,ARB
352001,ARB
352199,ARB
352200,ARB
352201,ARB
352274,ARB
370704,ARB
371247,ARB
372651,ARB
374024,ARB
374279,ARB
374612,ARB
378276,ARB
378991,ARB
389185,ARB
401971,ARB
540787,ARB
540791,ARB
577776,ARB
577785,ARB
577787,ARB
639536,ARB
639537,ARB
639539,ARB
639543,ARB
979480,ARB
979482,ARB
979485,ARB
979487,ARB
979492,ARB
979494,ARB
1091645,ARB
1091646,ARB
1091650,ARB
1091652,ARB
1091654,ARB
864774,ARB_renin
1011718,ARB_renin
1011724,ARB_renin
1011729,ARB_renin
1011735,ARB_renin
379442,BB_loop
450545,BB_loop
1191188,BB_loop
1191191,BB_loop
1191192,BB_loop
1191193,BB_loop
428207,BB_vaso
430941,BB_vaso
432681,BB_vaso
439008,BB_vaso
439011,BB_vaso
450465,BB_vaso
102306,BB
102309,BB
102314,BB
102315,BB
103781,BB
103782,BB
104293,BB
104294,BB
104295,BB
104296,BB
104300,BB
104301,BB
104303,BB
104304,BB
104305,BB
104306,BB
104308,BB
104311,BB
104312,BB
104313,BB
104314,BB
104315,BB
104316,BB
104317,BB
104318,BB
104348,BB
104349,BB
108356,BB
108357,BB
141832,BB
141833,BB
141834,BB
141883,BB
141884,BB
141885,BB
141886,BB
141887,BB
141888,BB
150750,BB
150751,BB
151071,BB
151120,BB
152414,BB
153532,BB
153533,BB
153817,BB
153818,BB
197379,BB
197380,BB
197381,BB
198004,BB
198005,BB
198006,BB
198007,BB
198008,BB
198104,BB
198105,BB
198284,BB
198285,BB
198286,BB
199277,BB
199494,BB
199495,BB
199786,BB
199787,BB
200031,BB
200032,BB
200033,BB
200829,BB
200830,BB
200831,BB
200832,BB
200833,BB
200835,BB
200836,BB
200837,BB
200838,BB
200839,BB
200840,BB
200841,BB
200842,BB
200843,BB
200844,BB
200846,BB
200847,BB
200848,BB
200849,BB
200850,BB
200852,BB
200853,BB
200854,BB
200855,BB
200856,BB
200857,BB
200858,BB
200859,BB
201218,BB
201310,BB
201311,BB
201312,BB
201313,BB
201315,BB
201316,BB
201318,BB
201319,BB
201321,BB
201322,BB
201323,BB
201324,BB
201325,BB
201327,BB
201328,BB
201329,BB
201330,BB
201331,BB
201332,BB
201333,BB
201334,BB
201335,BB
201336,BB
201337,BB
201338,BB
201339,BB
201340,BB
201343,BB
201344,BB
204012,BB
204013,BB
204014,BB
204015,BB
206961,BB
206964,BB
206968,BB
208140,BB
208575,BB
208576,BB
211773,BB
212388,BB
212389,BB
212390,BB
226855,BB
226856,BB
245278,BB
245279,BB
245718,BB
245849,BB
248494,BB
249384,BB
249385,BB
250082,BB
251762,BB
252276,BB
346715,BB
347160,BB
370505,BB
370619,BB
370737,BB
370959,BB
370960,BB
371065,BB
371104,BB
371295,BB
371296,BB
372554,BB
372891,BB
372978,BB
373183,BB
373184,BB
373254,BB
373255,BB
373460,BB
373652,BB
373653,BB
373654,BB
373937,BB
374135,BB
375929,BB
376261,BB
376365,BB
377103,BB
377107,BB
377113,BB
377207,BB
378147,BB
378652,BB
378660,BB
387013,BB
387876,BB
393308,BB
393497,BB
411993,BB
414005,BB
415736,BB
421931,BB
421932,BB
428416,BB
429268,BB
430569,BB
430570,BB
430619,BB
430620,BB
433892,BB
434241,BB
434242,BB
437138,BB
437140,BB
450800,BB
450803,BB
450805,BB
628903,BB
664767,BB
686924,BB
686926,BB
727824,BB
751612,BB
751616,BB
751618,BB
751620,BB
751623,BB
754914,BB
755528,BB
756436,BB
827073,BB
827075,BB
844414,BB
844906,BB
854901,BB
854903,BB
854905,BB
854907,BB
856443,BB
856445,BB
856448,BB
856450,BB
856457,BB
856459,BB
856460,BB
856462,BB
856463,BB
856464,BB
856471,BB
856472,BB
856481,BB
856483,BB
856484,BB
856485,BB
856508,BB
856519,BB
856521,BB
856528,BB
856535,BB
856537,BB
856538,BB
856539,BB
856556,BB
856557,BB
856569,BB
856571,BB
856572,BB
856573,BB
856576,BB
856577,BB
856578,BB
856579,BB
856703,BB
856704,BB
856712,BB
856713,BB
856719,BB
856724,BB
856733,BB
856734,BB
856735,BB
856737,BB
856739,BB
860510,BB
860512,BB
860513,BB
860514,BB
860516,BB
860518,BB
860519,BB
860520,BB
860522,BB
860524,BB
860525,BB
860526,BB
860532,BB
860534,BB
860535,BB
860536,BB
865154,BB
865155,BB
865157,BB
865159,BB
866412,BB
866414,BB
866415,BB
866416,BB
866419,BB
866421,BB
866422,BB
866423,BB
866427,BB
866429,BB
866430,BB
866431,BB
866436,BB
866438,BB
866439,BB
866440,BB
866508,BB
866510,BB
866511,BB
866513,BB
866514,BB
866516,BB
866924,BB
896758,BB
896760,BB
896762,BB
896764,BB
896766,BB
896768,BB
896771,BB
896773,BB
896775,BB
896777,BB
896781,BB
896783,BB
896973,BB
896983,BB
896987,BB
904561,BB
904563,BB
904567,BB
904569,BB
904571,BB
904579,BB
904581,BB
904583,BB
904589,BB
904591,BB
904593,BB
904601,BB
904603,BB
904605,BB
904622,BB
904630,BB
904632,BB
904634,BB
978577,BB
978579,BB
978581,BB
978583,BB
979428,BB
979430,BB
979432,BB
979434,BB
979436,BB
979438,BB
995595,BB
998685,BB
998687,BB
998689,BB
998691,BB
998693,BB
998695,BB
1191185,BB
1191187,BB
1191194,BB
1191195,BB
1234256,BB
1247408,BB
1250200,BB
1250201,BB
1297753,BB
1297755,BB
1297757,BB
1297759,BB
1359872,BB
1202,BB
7008,BB
7226,BB
8332,BB
82084,BB
203191,BB
1606347,BB
1606349,BB
9947,BB
1736541,BB
1736546,BB
1744259,BB
1923422,BB
1923424,BB
1923426,BB
91691,CCB
91692,CCB
102337,CCB
102338,CCB
103944,CCB
104270,CCB
104271,CCB
104272,CCB
104273,CCB
104276,CCB
104277,CCB
104278,CCB
104404,CCB
104406,CCB
104407,CCB
104408,CCB
104409,CCB
104411,CCB
104412,CCB
104414,CCB
104419,CCB
104420,CCB
108494,CCB
108500,CCB
108501,CCB
108502,CCB
108745,CCB
108781,CCB
108834,CCB
108842,CCB
108849,CCB
108850,CCB
108913,CCB
141902,CCB
141903,CCB
150753,CCB
151085,CCB
151126,CCB
151127,CCB
151240,CCB
151244,CCB
152543,CCB
152601,CCB
152725,CCB
152726,CCB
152727,CCB
152730,CCB
152731,CCB
152801,CCB
152802,CCB
152803,CCB
152906,CCB
152908,CCB
152909,CCB
152933,CCB
152936,CCB
153071,CCB
153103,CCB
153223,CCB
153308,CCB
153320,CCB
153369,CCB
153454,CCB
153455,CCB
153456,CCB
153457,CCB
153458,CCB
153538,CCB
153593,CCB
153594,CCB
153680,CCB
153681,CCB
153789,CCB
153800,CCB
153839,CCB
153840,CCB
153894,CCB
153914,CCB
197361,CCB
197692,CCB
197848,CCB
197849,CCB
198032,CCB
198033,CCB
198034,CCB
198035,CCB
198036,CCB
199329,CCB
199757,CCB
199782,CCB
199979,CCB
200877,CCB
200878,CCB
200879,CCB
200880,CCB
200881,CCB
200883,CCB
200884,CCB
200885,CCB
200886,CCB
201285,CCB
201286,CCB
201287,CCB
201288,CCB
201289,CCB
201290,CCB
201291,CCB
201292,CCB
201293,CCB
201294,CCB
201295,CCB
201296,CCB
201297,CCB
201444,CCB
201445,CCB
201449,CCB
201450,CCB
201451,CCB
201452,CCB
201453,CCB
201455,CCB
201457,CCB
201458,CCB
202223,CCB
202224,CCB
202229,CCB
202230,CCB
202232,CCB
202233,CCB
206934,CCB
206935,CCB
207765,CCB
207769,CCB
207772,CCB
207773,CCB
207774,CCB
212542,CCB
212549,CCB
212575,CCB
226347,CCB
226536,CCB
226539,CCB
226540,CCB
226663,CCB
226710,CCB
226711,CCB
226712,CCB
226975,CCB
227052,CCB
227058,CCB
227059,CCB
227060,CCB
227061,CCB
227073,CCB
227074,CCB
227075,CCB
227076,CCB
227077,CCB
227083,CCB
227110,CCB
227119,CCB
227121,CCB
227122,CCB
227164,CCB
227165,CCB
227166,CCB
237443,CCB
237444,CCB
240575,CCB
245227,CCB
246260,CCB
246261,CCB
246262,CCB
246395,CCB
246396,CCB
246472,CCB
246473,CCB
248631,CCB
248708,CCB
249387,CCB
249620,CCB
249717,CCB
249887,CCB
250206,CCB
250384,CCB
251867,CCB
252192,CCB
252211,CCB
252459,CCB
308135,CCB
308136,CCB
311202,CCB
311203,CCB
311437,CCB
311983,CCB
311984,CCB
311985,CCB
311986,CCB
314132,CCB
317121,CCB
349485,CCB
351438,CCB
358334,CCB
360344,CCB
360394,CCB
370573,CCB
370723,CCB
370724,CCB
371856,CCB
372289,CCB
372524,CCB
372555,CCB
372696,CCB
373058,CCB
373059,CCB
373060,CCB
373067,CCB
373068,CCB
373069,CCB
373070,CCB
373093,CCB
373094,CCB
373098,CCB
374289,CCB
374290,CCB
374411,CCB
374425,CCB
375031,CCB
375337,CCB
376248,CCB
376886,CCB
378649,CCB
379252,CCB
391901,CCB
391980,CCB
392165,CCB
393149,CCB
393163,CCB
402695,CCB
402696,CCB
402698,CCB
404011,CCB
404013,CCB
405788,CCB
410587,CCB
411765,CCB
411766,CCB
412047,CCB
412048,CCB
412163,CCB
412164,CCB
412181,CCB
412182,CCB
412510,CCB
412511,CCB
412512,CCB
415900,CCB
422272,CCB
429051,CCB
429052,CCB
431606,CCB
431813,CCB
432811,CCB
433467,CCB
433843,CCB
434135,CCB
434570,CCB
437439,CCB
437440,CCB
437441,CCB
439558,CCB
439824,CCB
441152,CCB
446659,CCB
446660,CCB
446705,CCB
446757,CCB
484953,CCB
491070,CCB
491078,CCB
491086,CCB
541603,CCB
542686,CCB
562154,CCB
562514,CCB
562515,CCB
562518,CCB
562520,CCB
597921,CCB
597922,CCB
597923,CCB
597967,CCB
597971,CCB
597974,CCB
597977,CCB
597980,CCB
597984,CCB
597987,CCB
597990,CCB
597993,CCB
672916,CCB
672917,CCB
672918,CCB
672920,CCB
672921,CCB
672922,CCB
700745,CCB
750199,CCB
750203,CCB
750207,CCB
750211,CCB
750215,CCB
750219,CCB
750223,CCB
750227,CCB
750231,CCB
750235,CCB
750239,CCB
757673,CCB
757674,CCB
757675,CCB
757676,CCB
762947,CCB
763497,CCB
763499,CCB
763519,CCB
763521,CCB
763574,CCB
763576,CCB
763589,CCB
763591,CCB
790489,CCB
790840,CCB
804537,CCB
829359,CCB
829636,CCB
829734,CCB
829738,CCB
829747,CCB
829751,CCB
829757,CCB
830795,CCB
830798,CCB
830801,CCB
830803,CCB
830837,CCB
830839,CCB
830845,CCB
830847,CCB
830861,CCB
830863,CCB
830865,CCB
830867,CCB
830869,CCB
830871,CCB
830872,CCB
830873,CCB
830874,CCB
830876,CCB
830877,CCB
830878,CCB
830879,CCB
830880,CCB
830882,CCB
830883,CCB
830897,CCB
830898,CCB
830900,CCB
830902,CCB
830922,CCB
830979,CCB
831012,CCB
831021,CCB
831022,CCB
831054,CCB
831055,CCB
831102,CCB
831103,CCB
831117,CCB
831119,CCB
831137,CCB
831150,CCB
831172,CCB
831193,CCB
831196,CCB
831209,CCB
831215,CCB
831224,CCB
831226,CCB
831229,CCB
831230,CCB
831232,CCB
831233,CCB
831240,CCB
831242,CCB
831244,CCB
831248,CCB
831250,CCB
831252,CCB
831254,CCB
831255,CCB
831271,CCB
831273,CCB
831274,CCB
831282,CCB
831285,CCB
831288,CCB
831296,CCB
831300,CCB
831302,CCB
831305,CCB
831309,CCB
831312,CCB
831313,CCB
831319,CCB
831321,CCB
831323,CCB
831325,CCB
831337,CCB
831338,CCB
831339,CCB
831345,CCB
831347,CCB
831349,CCB
831350,CCB
831351,CCB
831359,CCB
831360,CCB
833195,CCB
833197,CCB
833199,CCB
833201,CCB
833217,CCB
833219,CCB
833222,CCB
833223,CCB
833694,CCB
833695,CCB
833696,CCB
833703,CCB
833704,CCB
833705,CCB
833706,CCB
833707,CCB
833708,CCB
833716,CCB
834393,CCB
844410,CCB
844411,CCB
844412,CCB
844413,CCB
844415,CCB
844416,CCB
844417,CCB
844418,CCB
844419,CCB
844420,CCB
844421,CCB
844422,CCB
844423,CCB
844424,CCB
844425,CCB
844428,CCB
844429,CCB
844430,CCB
844431,CCB
844432,CCB
844433,CCB
844434,CCB
844435,CCB
844436,CCB
844437,CCB
844438,CCB
844439,CCB
844440,CCB
844441,CCB
844442,CCB
844443,CCB
844444,CCB
844450,CCB
844454,CCB
844455,CCB
844456,CCB
844457,CCB
844458,CCB
844459,CCB
844460,CCB
844461,CCB
844462,CCB
844584,CCB
844585,CCB
844586,CCB
844721,CCB
844722,CCB
844723,CCB
844724,CCB
844725,CCB
844726,CCB
844727,CCB
844728,CCB
844729,CCB
844730,CCB
844731,CCB
844733,CCB
844734,CCB
844735,CCB
844736,CCB
844737,CCB
844738,CCB
844741,CCB
844745,CCB
844748,CCB
844750,CCB
844830,CCB
844846,CCB
844872,CCB
844878,CCB
844923,CCB
844942,CCB
844943,CCB
844944,CCB
845004,CCB
845005,CCB
845006,CCB
845007,CCB
845008,CCB
845009,CCB
845095,CCB
845096,CCB
845097,CCB
845098,CCB
845101,CCB
845102,CCB
845172,CCB
845173,CCB
845174,CCB
845175,CCB
845176,CCB
845177,CCB
845178,CCB
845180,CCB
845181,CCB
845182,CCB
845183,CCB
845184,CCB
845185,CCB
845186,CCB
845187,CCB
845188,CCB
845189,CCB
845190,CCB
845191,CCB
845192,CCB
845193,CCB
845194,CCB
845195,CCB
845196,CCB
845197,CCB
845198,CCB
845199,CCB
845200,CCB
845201,CCB
845202,CCB
845203,CCB
845204,CCB
845205,CCB
845206,CCB
845207,CCB
845208,CCB
845214,CCB
845223,CCB
845224,CCB
845225,CCB
845226,CCB
845227,CCB
845228,CCB
845229,CCB
845230,CCB
845231,CCB
845232,CCB
845233,CCB
845234,CCB
845235,CCB
845236,CCB
845237,CCB
845238,CCB
845239,CCB
845240,CCB
845241,CCB
845242,CCB
845244,CCB
845245,CCB
845246,CCB
845247,CCB
845249,CCB
845250,CCB
845252,CCB
845253,CCB
845254,CCB
845255,CCB
845256,CCB
845257,CCB
845258,CCB
845259,CCB
845260,CCB
845261,CCB
845262,CCB
845263,CCB
845264,CCB
848524,CCB
849860,CCB
849861,CCB
849868,CCB
849869,CCB
858580,CCB
858583,CCB
858584,CCB
858585,CCB
858587,CCB
858589,CCB
858590,CCB
858591,CCB
858593,CCB
858595,CCB
858596,CCB
858597,CCB
858599,CCB
858601,CCB
858603,CCB
858605,CCB
858607,CCB
858609,CCB
858613,CCB
858615,CCB
858616,CCB
858617,CCB
858994,CCB
858996,CCB
859000,CCB
859007,CCB
859008,CCB
866828,CCB
880433,CCB
880434,CCB
880437,CCB
880438,CCB
885733,CCB
885734,CCB
885735,CCB
885736,CCB
897584,CCB
897586,CCB
897587,CCB
897588,CCB
897590,CCB
897592,CCB
897593,CCB
897594,CCB
897596,CCB
897598,CCB
897599,CCB
897600,CCB
897612,CCB
897614,CCB
897615,CCB
897616,CCB
897618,CCB
897620,CCB
897621,CCB
897622,CCB
897624,CCB
897626,CCB
897627,CCB
897628,CCB
897630,CCB
897632,CCB
897633,CCB
897634,CCB
897635,CCB
897640,CCB
897646,CCB
897649,CCB
897659,CCB
897661,CCB
897666,CCB
897667,CCB
897676,CCB
897680,CCB
897683,CCB
897685,CCB
897693,CCB
897694,CCB
897700,CCB
897714,CCB
897719,CCB
897721,CCB
897722,CCB
897723,CCB
897726,CCB
897735,CCB
897743,CCB
898340,CCB
901434,CCB
901435,CCB
901438,CCB
901444,CCB
901446,CCB
901448,CCB
901450,CCB
901468,CCB
901522,CCB
901523,CCB
901525,CCB
901526,CCB
977865,CCB
977867,CCB
1091623,CCB
1091624,CCB
1091626,CCB
1091627,CCB
1091629,CCB
1091630,CCB
1091632,CCB
1091633,CCB
1091635,CCB
1091636,CCB
1091638,CCB
1091639,CCB
1236453,CCB
1236458,CCB
1313987,CCB
1359734,CCB
1359797,CCB
7417,CCB
203138,CCB
203211,CCB
898316,CCB
198037,CCB
207779,CCB
1423767,CCB
1791232,CCB
1791233,CCB
1791240,CCB
1812011,CCB
1812013,CCB
1812015,CCB
248267,CCB_ACE
371002,CCB_ACE
372008,CCB_ACE
372009,CCB_ACE
374178,CCB_ACE
379582,CCB_ACE
389180,CCB_ACE
389181,CCB_ACE
393440,CCB_ACE
410743,CCB_ACE
411759,CCB_ACE
431825,CCB_ACE
439270,CCB_ACE
833237,CCB_ACE
846148,CCB_ACE
858618,CCB_ACE
858621,CCB_ACE
858884,CCB_ACE
858892,CCB_ACE
897778,CCB_ACE
897780,CCB_ACE
897781,CCB_ACE
897782,CCB_ACE
897783,CCB_ACE
897785,CCB_ACE
897786,CCB_ACE
897787,CCB_ACE
897844,CCB_ACE
897846,CCB_ACE
897847,CCB_ACE
897848,CCB_ACE
897853,CCB_ACE
897855,CCB_ACE
897856,CCB_ACE
897857,CCB_ACE
898342,CCB_ACE
898344,CCB_ACE
898346,CCB_ACE
898348,CCB_ACE
898350,CCB_ACE
898352,CCB_ACE
898353,CCB_ACE
898355,CCB_ACE
898356,CCB_ACE
898358,CCB_ACE
898359,CCB_ACE
898361,CCB_ACE
901451,CCB_ACE
1600724,CCB_ACE
1600728,CCB_ACE
722125,CCB_ARB
722126,CCB_ARB
722131,CCB_ARB
722134,CCB_ARB
722137,CCB_ARB
724879,CCB_ARB
724887,CCB_ARB
724891,CCB_ARB
724895,CCB_ARB
730860,CCB_ARB
730861,CCB_ARB
730866,CCB_ARB
730869,CCB_ARB
730872,CCB_ARB
744624,CCB_ARB
744628,CCB_ARB
744632,CCB_ARB
744636,CCB_ARB
876513,CCB_ARB
876514,CCB_ARB
876518,CCB_ARB
876519,CCB_ARB
876523,CCB_ARB
876524,CCB_ARB
876528,CCB_ARB
876529,CCB_ARB
876533,CCB_ARB
251254,CCB_BB
252201,CCB_BB
370961,CCB_BB
376172,CCB_BB
393275,CCB_BB
393276,CCB_BB
411852,CCB_BB
411867,CCB_BB
431674,CCB_BB
432616,CCB_BB
439560,CCB_BB
446671,CCB_BB
446677,CCB_BB
432767,CCB_loop
446675,CCB_loop
1009218,CCB_renin
1009220,CCB_renin
1009247,CCB_renin
1009249,CCB_renin
1009253,CCB_renin
1009315,CCB_renin
1009319,CCB_renin
1009320,CCB_renin
1009324,CCB_renin
1050796,CCB_diuretic_renin
1050798,CCB_diuretic_renin
1050802,CCB_diuretic_renin
1050803,CCB_diuretic_renin
1050805,CCB_diuretic_renin
1050806,CCB_diuretic_renin
1050808,CCB_diuretic_renin
1050809,CCB_diuretic_renin
1050811,CCB_diuretic_renin
1050812,CCB_diuretic_renin
1050814,CCB_diuretic_renin
432674,CCB_vaso
439288,CCB_vaso
104357,central
141951,central
152966,central
152967,central
197743,central
197744,central
197745,central
197746,central
197955,central
197956,central
197957,central
197958,central
201352,central
201354,central
201355,central
201358,central
201361,central
206387,central
206389,central
206412,central
206413,central
250546,central
250547,central
310661,central
311645,central
371581,central
371583,central
372364,central
372368,central
372854,central
372855,central
372969,central
375716,central
375876,central
376259,central
376862,central
388078,central
411773,central
411774,central
411775,central
432414,central
446452,central
451311,central
884173,central
884175,central
884185,central
884187,central
884189,central
884191,central
885790,central
885794,central
885878,central
885879,central
885880,central
885881,central
885882,central
885883,central
892789,central
892791,central
892795,central
998671,central
998673,central
998675,central
998677,central
998679,central
998681,central
1013930,central
1013934,central
1013935,central
1013936,central
1013937,central
1013939,central
1013940,central
1050315,central
1050316,central
1050334,central
1050335,central
1050338,central
1050339,central
1087322,central
1087323,central
1233709,central
1233785,central
1233786,central
1233789,central
1233790,central
1360022,central
1360044,central
1360045,central
1360087,central
1360120,central
1360303,central
2599,central
6876,central
142432,central
202693,central
862006,central
862010,central
862013,central
862015,central
862019,central
862021,central
862025,central
862027,central
93252,diuretic
93253,diuretic
104243,diuretic
104245,diuretic
104246,diuretic
104248,diuretic
108966,diuretic
198314,diuretic
198315,diuretic
198316,diuretic
208124,diuretic
250708,loop
251268,diuretic
310812,diuretic
310817,diuretic
310818,diuretic
314029,diuretic
370638,diuretic
370640,diuretic
370848,diuretic
370851,diuretic
374192,diuretic
374195,diuretic
374196,loop
376315,diuretic
409813,diuretic
427390,diuretic
427727,diuretic
428210,diuretic
428292,diuretic
428603,diuretic
429932,diuretic
429933,diuretic
429934,diuretic
430625,loop
432599,diuretic
432676,diuretic
432677,diuretic
432742,diuretic
437575,diuretic
437576,diuretic
437578,diuretic
452285,diuretic
452289,diuretic
452292,diuretic
452299,diuretic
452300,diuretic
452302,diuretic
539539,diuretic
977883,diuretic
977885,diuretic
977907,diuretic
977950,diuretic
103932,loop
103933,loop
103934,loop
153000,loop
246528,loop
249062,loop
251054,loop
370847,loop
370850,loop
977890,loop
977945,loop
977951,loop
977959,loop
103966,diuretic_ACE
104370,diuretic_ACE
197436,diuretic_ACE
197437,diuretic_ACE
197438,diuretic_ACE
197439,diuretic_ACE
197885,diuretic_ACE
197886,diuretic_ACE
197887,diuretic_ACE
207961,diuretic_ACE
207963,diuretic_ACE
207965,diuretic_ACE
211053,diuretic_ACE
211072,diuretic_ACE
249851,diuretic_ACE
252371,diuretic_ACE
310796,diuretic_ACE
310797,diuretic_ACE
310809,diuretic_ACE
349449,diuretic_ACE
371000,diuretic_ACE
371253,diuretic_ACE
371507,diuretic_ACE
372006,diuretic_ACE
372273,diuretic_ACE
372613,diuretic_ACE
372946,diuretic_ACE
373732,diuretic_ACE
376291,diuretic_ACE
393357,diuretic_ACE
428808,diuretic_ACE
428812,diuretic_ACE
428813,diuretic_ACE
429647,diuretic_ACE
429935,diuretic_ACE
430636,diuretic_ACE
446301,diuretic_ACE
541946,diuretic_ACE
790296,diuretic_ACE
790297,diuretic_ACE
809854,diuretic_ACE
809858,diuretic_ACE
823971,diuretic_ACE
823982,diuretic_ACE
823986,diuretic_ACE
854993,diuretic_ACE
857166,diuretic_ACE
857174,diuretic_ACE
857178,diuretic_ACE
857182,diuretic_ACE
858824,diuretic_ACE
858827,diuretic_ACE
858828,diuretic_ACE
858830,diuretic_ACE
858921,diuretic_ACE
882559,diuretic_ACE
898362,diuretic_ACE
898366,diuretic_ACE
898367,diuretic_ACE
898371,diuretic_ACE
898372,diuretic_ACE
898376,diuretic_ACE
898378,diuretic_ACE
898382,diuretic_ACE
991549,diuretic_ACE
991553,diuretic_ACE
991557,diuretic_ACE
1001394,diuretic_ACE
1299859,diuretic_ACE
1299861,diuretic_ACE
1299871,diuretic_ACE
1299873,diuretic_ACE
1299890,diuretic_ACE
1299959,diuretic_ACE
312481,diuretic_alpha
312482,diuretic_alpha
312483,diuretic_alpha
373564,diuretic_alpha
428868,diuretic_alpha
428869,diuretic_alpha
451073,diuretic_alpha
754802,diuretic_alpha
754806,diuretic_alpha
754812,diuretic_alpha
200284,diuretic_ARB
200285,diuretic_ARB
283316,diuretic_ARB
283317,diuretic_ARB
310792,diuretic_ARB
310793,diuretic_ARB
349353,diuretic_ARB
351292,diuretic_ARB
351293,diuretic_ARB
352335,diuretic_ARB
352336,diuretic_ARB
370705,diuretic_ARB
372650,diuretic_ARB
374280,diuretic_ARB
374934,diuretic_ARB
378735,diuretic_ARB
378921,diuretic_ARB
403853,diuretic_ARB
403854,diuretic_ARB
403855,diuretic_ARB
406041,diuretic_ARB
477130,diuretic_ARB
485471,diuretic_ARB
578325,diuretic_ARB
578330,diuretic_ARB
636042,diuretic_ARB
636045,diuretic_ARB
749833,diuretic_ARB
749837,diuretic_ARB
749841,diuretic_ARB
802749,diuretic_ARB
805855,diuretic_ARB
805859,diuretic_ARB
805863,diuretic_ARB
809014,diuretic_ARB
809018,diuretic_ARB
809022,diuretic_ARB
809026,diuretic_ARB
809030,diuretic_ARB
823934,diuretic_ARB
823938,diuretic_ARB
823942,diuretic_ARB
847042,diuretic_ARB
847055,diuretic_ARB
847060,diuretic_ARB
979464,diuretic_ARB
979466,diuretic_ARB
979468,diuretic_ARB
979470,diuretic_ARB
979471,diuretic_ARB
979473,diuretic_ARB
979497,diuretic_ARB
1235142,diuretic_ARB
1235144,diuretic_ARB
1235150,diuretic_ARB
1235151,diuretic_ARB
1235157,diuretic_ARB
1235307,diuretic_ARB
1235313,diuretic_ARB
104324,diuretic_BB
104332,diuretic_BB
104337,diuretic_BB
104338,diuretic_BB
104340,diuretic_BB
104343,diuretic_BB
104344,diuretic_BB
108743,diuretic_BB
108744,diuretic_BB
152916,diuretic_BB
153155,diuretic_BB
197382,diuretic_BB
197383,diuretic_BB
198000,diuretic_BB
198001,diuretic_BB
199717,diuretic_BB
201341,diuretic_BB
201342,diuretic_BB
208003,diuretic_BB
208029,diuretic_BB
245854,diuretic_BB
245855,diuretic_BB
246267,diuretic_BB
246525,diuretic_BB
246526,diuretic_BB
246644,diuretic_BB
249567,diuretic_BB
249850,diuretic_BB
250226,diuretic_BB
250538,diuretic_BB
250543,diuretic_BB
250544,diuretic_BB
250553,diuretic_BB
310811,diuretic_BB
370620,diuretic_BB
370738,diuretic_BB
370958,diuretic_BB
371103,diuretic_BB
372553,diuretic_BB
372879,diuretic_BB
372889,diuretic_BB
372890,diuretic_BB
372977,diuretic_BB
373181,diuretic_BB
373182,diuretic_BB
373185,diuretic_BB
373186,diuretic_BB
373459,diuretic_BB
373461,diuretic_BB
373650,diuretic_BB
373651,diuretic_BB
373655,diuretic_BB
373656,diuretic_BB
373657,diuretic_BB
374136,diuretic_BB
374419,diuretic_BB
379254,diuretic_BB
379255,diuretic_BB
385565,diuretic_BB
427556,diuretic_BB
428757,diuretic_BB
431608,diuretic_BB
432597,diuretic_BB
432657,diuretic_BB
432658,diuretic_BB
432678,diuretic_BB
433855,diuretic_BB
433891,diuretic_BB
434380,diuretic_BB
437142,diuretic_BB
437986,diuretic_BB
440424,diuretic_BB
446468,diuretic_BB
491234,diuretic_BB
542127,diuretic_BB
687068,diuretic_BB
687069,diuretic_BB
746023,diuretic_BB
746030,diuretic_BB
854908,diuretic_BB
854910,diuretic_BB
854916,diuretic_BB
854918,diuretic_BB
854919,diuretic_BB
854921,diuretic_BB
856393,diuretic_BB
856398,diuretic_BB
856401,diuretic_BB
856406,diuretic_BB
856412,diuretic_BB
856417,diuretic_BB
856422,diuretic_BB
856426,diuretic_BB
856429,diuretic_BB
856433,diuretic_BB
856586,diuretic_BB
856587,diuretic_BB
856591,diuretic_BB
856592,diuretic_BB
856596,diuretic_BB
856597,diuretic_BB
856615,diuretic_BB
856616,diuretic_BB
856618,diuretic_BB
866452,diuretic_BB
866455,diuretic_BB
866456,diuretic_BB
866457,diuretic_BB
866461,diuretic_BB
866464,diuretic_BB
866465,diuretic_BB
866466,diuretic_BB
866472,diuretic_BB
866475,diuretic_BB
866476,diuretic_BB
866477,diuretic_BB
866479,diuretic_BB
866482,diuretic_BB
866491,diuretic_BB
866498,diuretic_BB
866502,diuretic_BB
866506,diuretic_BB
866846,diuretic_BB
896974,diuretic_BB
896975,diuretic_BB
896976,diuretic_BB
896990,diuretic_BB
998694,diuretic_BB
1111439,diuretic_BB
411865,diuretic_BB_vaso
432656,diuretic_BB_vaso
432659,diuretic_BB_vaso
432815,diuretic_BB_vaso
439004,diuretic_BB_vaso
439007,diuretic_BB_vaso
440425,diuretic_BB_vaso
440427,diuretic_BB_vaso
848130,diuretic_CCB_ARB
848131,diuretic_CCB_ARB
848134,diuretic_CCB_ARB
848135,diuretic_CCB_ARB
848139,diuretic_CCB_ARB
848140,diuretic_CCB_ARB
848144,diuretic_CCB_ARB
848145,diuretic_CCB_ARB
848149,diuretic_CCB_ARB
848151,diuretic_CCB_ARB
848155,diuretic_CCB_ARB
999966,diuretic_CCB_ARB
999967,diuretic_CCB_ARB
999971,diuretic_CCB_ARB
999986,diuretic_CCB_ARB
999990,diuretic_CCB_ARB
999991,diuretic_CCB_ARB
999995,diuretic_CCB_ARB
999996,diuretic_CCB_ARB
1000000,diuretic_CCB_ARB
1000001,diuretic_CCB_ARB
1000005,diuretic_CCB_ARB
852897,diuretic_CCB_ARB
385943,diuretic_CCB
411821,diuretic_CCB
452536,diuretic_CCB
849871,diuretic_CCB
197959,diuretic_central
197960,diuretic_central
197961,diuretic_central
197962,diuretic_central
197963,diuretic_central
205332,diuretic_central
206403,diuretic_central
213488,diuretic_central
213498,diuretic_central
310664,diuretic_central
371580,diuretic_central
371584,diuretic_central
372366,diuretic_central
372852,diuretic_central
372853,diuretic_central
430626,diuretic_central
437827,diuretic_central
438745,diuretic_central
438747,diuretic_central
485001,diuretic_central
688643,diuretic_central
688645,diuretic_central
688647,diuretic_central
688649,diuretic_central
884192,diuretic_central
884196,diuretic_central
884198,diuretic_central
884202,diuretic_central
884203,diuretic_central
884207,diuretic_central
884211,diuretic_central
884215,diuretic_central
884231,diuretic_central
1233769,diuretic_central
1233782,diuretic_central
1233783,diuretic_central
1233784,diuretic_central
1233788,diuretic_central
152799,diuretic
198312,diuretic
198313,diuretic
208674,diuretic
208675,diuretic
245283,diuretic
245284,diuretic
370564,diuretic
370849,diuretic
374193,diuretic
374194,diuretic
562147,diuretic
977880,diuretic
977882,diuretic
977887,diuretic
10763,diuretic
142424,diuretic
197477,diuretic_other
197562,diuretic_other
197563,diuretic_other
197564,diuretic_other
197771,diuretic_other
197789,diuretic_other
197790,diuretic_other
197952,diuretic_other
197953,diuretic_other
197954,diuretic_other
198198,diuretic_other
198320,diuretic_other
198321,diuretic_other
204501,diuretic_other
205364,diuretic_other
205365,diuretic_other
205474,diuretic_other
205476,diuretic_other
205478,diuretic_other
205480,diuretic_other
205482,diuretic_other
206558,diuretic_other
206563,diuretic_other
207094,diuretic_other
207385,diuretic_other
207387,diuretic_other
208065,diuretic_other
208066,diuretic_other
208067,diuretic_other
208084,diuretic_other
208085,diuretic_other
208086,diuretic_other
208088,diuretic_other
208089,diuretic_other
208090,diuretic_other
208091,diuretic_other
208092,diuretic_other
208093,diuretic_other
208825,diuretic_other
213504,diuretic_other
213505,diuretic_other
214094,diuretic_other
214095,diuretic_other
237192,diuretic_other
245282,diuretic_other
251055,diuretic_other
310810,diuretic_other
314018,diuretic_other
315193,diuretic_other
371003,diuretic_other
371705,diuretic_other
371706,diuretic_other
373760,diuretic_other
373761,diuretic_other
373762,diuretic_other
373763,diuretic_other
373764,diuretic_other
373765,diuretic_other
373766,diuretic_other
373767,diuretic_other
428142,diuretic_other
428203,diuretic_other
429153,diuretic_other
429154,diuretic_other
429155,diuretic_other
451201,diuretic_other
562344,diuretic_other
637711,diuretic_other
754717,diuretic_renin
1011710,diuretic_renin
1011712,diuretic_renin
1011713,diuretic_renin
1011715,diuretic_renin
1011750,diuretic_renin
1011752,diuretic_renin
1011753,diuretic_renin
1011755,diuretic_renin
242957,diuretic_vaso
370633,diuretic_vaso
372406,diuretic_vaso
432636,diuretic_aldo
451919,diuretic_aldo
905203,diuretic_vaso
905207,diuretic_vaso
905211,diuretic_vaso
905215,diuretic_vaso
905217,diuretic_vaso
905221,diuretic_vaso
966574,diuretic_vaso
966587,diuretic_vaso
966594,diuretic_vaso
966613,diuretic_vaso
249746,diuretic_vaso_other
374694,diuretic_vaso_other
439015,diuretic_vaso_other
905353,diuretic_vaso_other
905355,diuretic_vaso_other
905367,diuretic_vaso_other
905399,diuretic_vaso_other
905401,diuretic_vaso_other
905403,diuretic_vaso_other
905405,diuretic_vaso_other
905407,diuretic_vaso_other
905409,diuretic_vaso_other
905411,diuretic_vaso_other
905413,diuretic_vaso_other
966591,diuretic_vaso_other
95600,loop
104216,loop
104217,loop
104218,loop
104220,loop
104221,loop
121073,loop
132604,loop
197730,loop
197731,loop
197732,loop
198369,loop
198370,loop
198371,loop
198372,loop
199610,loop
200800,loop
200801,loop
200802,loop
200803,loop
200804,loop
200805,loop
200806,loop
200807,loop
200808,loop
200809,loop
200810,loop
200811,loop
200812,loop
200813,loop
200814,loop
201234,loop
201235,loop
201236,loop
201237,loop
204154,loop
205725,loop
205726,loop
205728,loop
205732,loop
208076,loop
208080,loop
208081,loop
208082,loop
226982,loop
248652,loop
248657,loop
249579,loop
249815,loop
250044,loop
250477,loop
251308,loop
251372,loop
251373,loop
251746,loop
252484,loop
282452,loop
310429,loop
313988,loop
372278,loop
372280,loop
372281,loop
372282,loop
374168,loop
377176,loop
415572,loop
415573,loop
415574,loop
415575,loop
415657,loop
427474,loop
428540,loop
428541,loop
542673,loop
542678,loop
543249,loop
545041,loop
617327,loop
630032,loop
630035,loop
645036,loop
727573,loop
727574,loop
727575,loop
727845,loop
876422,loop
899155,loop
1112201,loop
1233658,loop
1233851,loop
1251903,loop
1251905,loop
1251907,loop
1251909,loop
1359513,loop
1808,loop
4603,loop
5764,loop
197417,loop
197418,loop
197419,loop
205488,loop
205489,loop
205490,loop
282486,loop
1719286,loop
1719291,loop
1727569,loop
1729521,loop
1729527,loop
432679,loop_central
446456,loop_central
198194,other
198195,other
198196,other
198197,other
198196,other
198197,other
692500,renin
1011736,renin
1011738,renin
1011739,renin
1011741,renin
93382,diuretic
104211,diuretic
104212,diuretic
104264,diuretic
104267,diuretic
150748,diuretic
153208,diuretic
197393,diuretic
197394,diuretic
197475,diuretic
197476,diuretic
197497,diuretic
197498,diuretic
197499,diuretic
197500,diuretic
197769,diuretic
197770,diuretic
197788,diuretic
197815,diuretic
197816,diuretic
197950,diuretic
197951,diuretic
197977,diuretic
197978,diuretic
197979,diuretic
198110,diuretic
198111,diuretic
198112,diuretic
198319,diuretic
199903,diuretic
200791,diuretic
200792,diuretic
200793,diuretic
200794,diuretic
200795,diuretic
200796,diuretic
200797,diuretic
200798,diuretic
200799,diuretic
201262,diuretic
201263,diuretic
201269,diuretic
202225,diuretic
204515,diuretic
206551,diuretic
206552,diuretic
206945,diuretic
206946,diuretic
207089,diuretic
207090,diuretic
207271,diuretic
207272,diuretic
207276,diuretic
207935,diuretic
207936,diuretic
207937,diuretic
207938,diuretic
207939,diuretic
207940,diuretic
207941,diuretic
207942,diuretic
207943,diuretic
207944,diuretic
207945,diuretic
207946,diuretic
207947,diuretic
208707,diuretic
208708,diuretic
208709,diuretic
208710,diuretic
208711,diuretic
208716,diuretic
208717,diuretic
208719,diuretic
211759,diuretic
213439,diuretic
213443,diuretic
213447,diuretic
214081,diuretic
214082,diuretic
214083,diuretic
242961,diuretic
245285,diuretic
250040,diuretic
250528,diuretic
250529,diuretic
308614,diuretic
308615,diuretic
308617,diuretic
308618,diuretic
309198,diuretic
309633,diuretic
310798,diuretic
310813,diuretic
311632,diuretic
311671,diuretic
312752,diuretic
314020,diuretic
346505,diuretic
351451,diuretic
351505,diuretic
370635,diuretic
370636,diuretic
370637,diuretic
370650,diuretic
370682,diuretic
371004,diuretic
371005,diuretic
371409,diuretic
371410,diuretic
371472,diuretic
371668,diuretic
372468,diuretic
372847,diuretic
372888,diuretic
373241,diuretic
373514,diuretic
373734,diuretic
374199,diuretic
375772,diuretic
375773,diuretic
376241,diuretic
376874,diuretic
385502,diuretic
411160,diuretic
428333,diuretic
428539,diuretic
429502,diuretic
429503,diuretic
431740,diuretic
431741,diuretic
433844,diuretic
437828,diuretic
440585,diuretic
440593,diuretic
484152,diuretic
541298,diuretic
542850,diuretic
542854,diuretic
831701,diuretic
831703,diuretic
991211,diuretic
991221,diuretic
996476,diuretic
1189779,diuretic
5487,diuretic
379256,diuretic_BB
379257,diuretic_BB
432897,diuretic_BB
432951,diuretic_BB
437781,diuretic_BB
977920,diuretic_BB
977949,diuretic_BB
432769,diuretic_CCB
452537,diuretic_CCB
427704,diuretic_central
438743,diuretic_central
446454,diuretic_central
1233787,diuretic_central
430187,diuretic_loop
430188,diuretic_loop
437571,diuretic_loop
372407,vaso_other
966603,vaso_other
966616,vaso_other
6984,vaso
197986,vaso
197987,vaso
199776,vaso
201347,vaso
207976,vaso
238240,vaso
314244,vaso
316310,vaso
317430,vaso
332239,vaso
370631,vaso
370632,vaso
372938,vaso
374150,vaso
374151,vaso
375837,vaso
415553,vaso
415945,vaso
721832,vaso
905199,vaso
905201,vaso
905222,vaso
905224,vaso
905225,vaso
905227,vaso
905377,vaso
905379,vaso
905395,vaso
905397,vaso
966571,vaso
966620,vaso
1165357,vaso
1165358,vaso
1241888,vaso
82027,vaso
